<?xml version="1.0" encoding="UTF-8"?>
<model package="newsletter" baseClass="xPDOObject" platform="mysql" defaultEngine="MyISAM" version="1.0">
	<object class="NewsletterNewsletters" table="newsletter_newsletters" extends="xPDOSimpleObject">
    	<field key="id" dbtype="int" precision="11" phptype="integer" null="false" index="pk" generated="native"/>
    	<field key="resource_id" dbtype="int" precision="11" phptype="integer" null="false" default=""/>
        <field key="groups" dbtype="varchar" precision="255" phptype="string" null="false" default=""/>
        <field key="emails" dbtype="text" precision="2048" phptype="string" null="false" default=""/>
        <field key="send" dbtype="int" precision="1" phptype="integer" null="false" default="0"/>
        <field key="send_date" dbtype="date" phptype="timestamp" null="false" default=""/>
        <field key="editedon" dbtype="timestamp" phptype="timestamp" attributes="ON UPDATE CURRENT_TIMESTAMP" null="false" default=""/>
        
        <index alias="PRIMARY" name="PRIMARY" primary="true" unique="true">
        	<column key="id" collation="A" null="false" />
        </index>
        
        <aggregate alias="modResource" local="resource_id" class="modResource" foreign="id" owner="foreign" cardinality="one" />
    </object>
    
	<object class="NewsletterSubscriptions" table="newsletter_subscriptions" extends="xPDOSimpleObject">
    	<field key="id" dbtype="int" precision="11" phptype="integer" null="false" index="pk" generated="native"/>
    	<field key="name" dbtype="varchar" precision="75" phptype="string" null="false" default=""/>
    	<field key="email" dbtype="varchar" precision="75" phptype="string" null="false" default=""/>
		<field key="confirm" dbtype="varchar" precision="255" phptype="string" null="false" default=""/>
        <field key="active" dbtype="int" precision="1" phptype="integer" null="false" default="0"/>
        <field key="editedon" dbtype="timestamp" phptype="timestamp" attributes="ON UPDATE CURRENT_TIMESTAMP" null="false" default=""/>
        
        <index alias="PRIMARY" name="PRIMARY" primary="true" unique="true">
        	<column key="id" collation="A" null="false" />
        </index>

        <aggregate alias="NewsletterSubscriptionsGroups" local="id" class="NewsletterSubscriptionsGroups" foreign="parent_id" owner="local" cardinality="many" />
    </object>
    
    <object class="NewsletterSubscriptionsGroups" table="newsletter_subscriptions" extends="xPDOSimpleObject">
    	<field key="id" dbtype="int" precision="11" phptype="integer" null="false" index="pk" generated="native"/>
    	<field key="parent_id" dbtype="int" precision="11" phptype="integer" null="false" default=""/>
    	<field key="group_id" dbtype="int" precision="11" phptype="integer" null="false" default=""/>
    	
        <index alias="PRIMARY" name="PRIMARY" primary="true" unique="true">
        	<column key="id" collation="A" null="false" />
        </index>

        <aggregate alias="NewsletterSubscriptions" local="parent_id" class="NewsletterSubscriptions" foreign="id" owner="foreign" cardinality="one" />
        <aggregate alias="NewsletterGroups" local="group_id" class="NewsletterGroups" foreign="id" owner="foreign" cardinality="one" />
    </object>
    
    <object class="NewsletterGroups" table="newsletter_groups" extends="xPDOSimpleObject">
    	<field key="id" dbtype="int" precision="11" phptype="integer" null="false" index="pk" generated="native"/>
    	<field key="context" dbtype="varchar" precision="75" phptype="string" null="false" default=""/>
    	<field key="name" dbtype="varchar" precision="75" phptype="string" null="false" default=""/>
    	<field key="description" dbtype="text" precision="2048" phptype="string" null="false" default=""/>
    	<field key="active" dbtype="int" precision="1" phptype="integer" null="false" default="1"/>
        <field key="editedon" dbtype="timestamp" phptype="timestamp" attributes="ON UPDATE CURRENT_TIMESTAMP" null="false" default=""/>
        
        <index alias="PRIMARY" name="PRIMARY" primary="true" unique="true">
        	<column key="id" collation="A" null="false" />
        </index>

        <aggregate alias="NewsletterSubscriptionsGroups" local="id" class="NewsletterSubscriptionsGroups" foreign="group_id" owner="local" cardinality="many" />
    </object>
</model>